ClassId,Path
0,0001.png
1,0002.png
0,0003.png
1,0004.png
0,0005.png
1,0006.png
0,0007.png
1,0008.png
0,0009.png
1,0010.png
0,0011.png
1,0012.png
0,0013.png
1,0014.png
0,0015.png
1,0016.png
0,0017.png
1,0018.png
0,0019.png
1,0020.png
0,0021.png
1,0022.png
0,0023.png
1,0024.png
0,0025.png
1,0026.png
0,0027.png
1,0028.png
0,0029.png
1,0030.png
0,0031.png
1,0032.png
0,0033.png
1,0034.png
0,0035.png
1,0036.png
0,0037.png
1,0038.png
0,0039.png
1,0040.png
0,0041.png
1,0042.png
0,0043.png
1,0044.png
0,0045.png
1,0046.png
0,0047.png
1,0048.png
0,0049.png
1,0050.png
0,0051.png
1,0052.png
0,0053.png
1,0054.png
0,0055.png
1,0056.png
0,0057.png
1,0058.png
0,0059.png
1,0060.png
0,0061.png
1,0062.png
0,0063.png
1,0064.png
0,0065.png
1,0066.png
0,0067.png
1,0068.png
0,0069.png
1,0070.png
0,0071.png
1,0072.png
0,0073.png
1,0074.png
0,0075.png
1,0076.png
0,0077.png
1,0078.png
0,0079.png
1,0080.png
0,0081.png
1,0082.png
0,0083.png
1,0084.png
0,0085.png
1,0086.png
0,0087.png
1,0088.png
0,0089.png
1,0090.png
0,0091.png
1,0092.png
0,0093.png
1,0094.png
0,0095.png
1,0096.png
0,0097.png
1,0098.png
0,0099.png
1,0100.png
0,0101.png
1,0102.png
0,0103.png
1,0104.png
0,0105.png
1,0106.png
0,0107.png
1,0108.png
0,0109.png
1,0110.png
0,0111.png
1,0112.png
0,0113.png
1,0114.png
0,0115.png
1,0116.png
0,0117.png
1,0118.png
0,0119.png
1,0120.png
0,0121.png
1,0122.png
0,0123.png
1,0124.png
0,0125.png
1,0126.png
0,0127.png
1,0128.png
0,0129.png
1,0130.png
0,0131.png
1,0132.png
0,0133.png
1,0134.png
0,0135.png
1,0136.png
0,0137.png
1,0138.png
0,0139.png
1,0140.png
0,0141.png
1,0142.png
0,0143.png
1,0144.png
0,0145.png
1,0146.png
0,0147.png
1,0148.png
0,0149.png
1,0150.png
0,0151.png
1,0152.png
0,0153.png
1,0154.png
0,0155.png
1,0156.png
0,0157.png
1,0158.png
0,0159.png
1,0160.png
0,0161.png
1,0162.png
0,0163.png
1,0164.png
0,0165.png
1,0166.png
0,0167.png
1,0168.png
0,0169.png
1,0170.png
0,0171.png
1,0172.png
0,0173.png
1,0174.png
0,0175.png
1,0176.png
0,0177.png
1,0178.png
0,0179.png
1,0180.png
0,0181.png
1,0182.png
0,0183.png
1,0184.png
0,0185.png
1,0186.png
0,0187.png
1,0188.png
0,0189.png
1,0190.png
0,0191.png
1,0192.png
0,0193.png
1,0194.png
0,0195.png
1,0196.png
0,0197.png
1,0198.png
0,0199.png
1,0200.png
0,0201.png
1,0202.png
0,0203.png
1,0204.png
0,0205.png
1,0206.png
0,0207.png
1,0208.png
0,0209.png
1,0210.png
0,0211.png
1,0212.png
0,0213.png
1,0214.png
0,0215.png
1,0216.png
0,0217.png
1,0218.png
0,0219.png
1,0220.png
0,0221.png
1,0222.png
0,0223.png
1,0224.png
0,0225.png
1,0226.png
0,0227.png
1,0228.png
0,0229.png
1,0230.png
0,0231.png
1,0232.png
0,0233.png
1,0234.png
0,0235.png
1,0236.png
0,0237.png
1,0238.png
0,0239.png
1,0240.png
0,0241.png
1,0242.png
0,0243.png
1,0244.png
0,0245.png
1,0246.png
0,0247.png
1,0248.png
0,0249.png
1,0250.png
0,0251.png
1,0252.png
0,0253.png
1,0254.png
0,0255.png
1,0256.png
0,0257.png
1,0258.png
0,0259.png
1,0260.png
0,0261.png
1,0262.png
0,0263.png
1,0264.png
0,0265.png
1,0266.png
0,0267.png
1,0268.png
0,0269.png
1,0270.png
0,0271.png
1,0272.png
0,0273.png
1,0274.png
0,0275.png
1,0276.png
0,0277.png
1,0278.png
0,0279.png
1,0280.png
0,0281.png
1,0282.png
0,0283.png
1,0284.png
0,0285.png
1,0286.png
0,0287.png
1,0288.png
0,0289.png
1,0290.png
0,0291.png
1,0292.png
0,0293.png
1,0294.png
0,0295.png
1,0296.png
0,0297.png
1,0298.png
0,0299.png
1,0300.png
0,0301.png
1,0302.png
0,0303.png
1,0304.png
0,0305.png
1,0306.png
0,0307.png
1,0308.png
0,0309.png
1,0310.png
0,0311.png
1,0312.png
0,0313.png
1,0314.png
0,0315.png
1,0316.png
0,0317.png
1,0318.png
0,0319.png
1,0320.png
0,0321.png
1,0322.png
0,0323.png
1,0324.png
0,0325.png
1,0326.png
0,0327.png
1,0328.png
0,0329.png
1,0330.png
0,0331.png
1,0332.png
0,0333.png
1,0334.png
0,0335.png
1,0336.png
0,0337.png
1,0338.png
0,0339.png
1,0340.png
0,0341.png
1,0342.png
0,0343.png
1,0344.png
0,0345.png
1,0346.png
0,0347.png
1,0348.png
0,0349.png
1,0350.png
0,0351.png
1,0352.png
0,0353.png
1,0354.png
0,0355.png
1,0356.png
0,0357.png
1,0358.png
0,0359.png
1,0360.png
0,0361.png
1,0362.png
0,0363.png
1,0364.png
0,0365.png
1,0366.png
0,0367.png
1,0368.png
0,0369.png
1,0370.png
0,0371.png
1,0372.png
0,0373.png
1,0374.png
0,0375.png
1,0376.png
0,0377.png
1,0378.png
0,0379.png
1,0380.png
0,0381.png
1,0382.png
0,0383.png
1,0384.png
0,0385.png
1,0386.png
0,0387.png
1,0388.png
0,0389.png
1,0390.png
0,0391.png
1,0392.png
0,0393.png
1,0394.png
0,0395.png
1,0396.png
0,0397.png
1,0398.png
0,0399.png
1,0400.png
0,0401.png
1,0402.png
0,0403.png
1,0404.png
0,0405.png
1,0406.png
0,0407.png
1,0408.png
0,0409.png
1,0410.png
0,0411.png
1,0412.png
0,0413.png
1,0414.png
0,0415.png
1,0416.png
0,0417.png
1,0418.png
0,0419.png
1,0420.png
0,0421.png
1,0422.png
0,0423.png
1,0424.png
0,0425.png
1,0426.png
0,0427.png
1,0428.png
0,0429.png
1,0430.png
0,0431.png
1,0432.png
0,0433.png
1,0434.png
0,0435.png
1,0436.png
0,0437.png
1,0438.png
0,0439.png
1,0440.png
0,0441.png
1,0442.png
0,0443.png
1,0444.png
0,0445.png
1,0446.png
0,0447.png
1,0448.png
0,0449.png
1,0450.png
0,0451.png
1,0452.png
0,0453.png
1,0454.png
0,0455.png
1,0456.png
0,0457.png
1,0458.png
0,0459.png
1,0460.png
0,0461.png
1,0462.png
0,0463.png
1,0464.png
0,0465.png
1,0466.png
0,0467.png
1,0468.png
0,0469.png
1,0470.png
0,0471.png
1,0472.png
0,0473.png
1,0474.png
0,0475.png
1,0476.png
0,0477.png
1,0478.png
0,0479.png
1,0480.png
0,0481.png
1,0482.png
0,0483.png
1,0484.png
0,0485.png
1,0486.png
0,0487.png
1,0488.png
0,0489.png
1,0490.png
0,0491.png
1,0492.png
0,0493.png
1,0494.png
0,0495.png
1,0496.png
0,0497.png
1,0498.png
0,0499.png
1,0500.png
0,0501.png
1,0502.png
0,0503.png
1,0504.png
0,0505.png
1,0506.png
0,0507.png
1,0508.png
0,0509.png
1,0510.png
0,0511.png
1,0512.png
0,0513.png
1,0514.png
0,0515.png
1,0516.png
0,0517.png
1,0518.png
0,0519.png
1,0520.png
0,0521.png
1,0522.png
0,0523.png
1,0524.png
0,0525.png
1,0526.png
0,0527.png
1,0528.png
0,0529.png
1,0530.png
0,0531.png
1,0532.png
0,0533.png
1,0534.png
0,0535.png
1,0536.png
0,0537.png
1,0538.png
0,0539.png
1,0540.png
0,0541.png
1,0542.png
0,0543.png
1,0544.png
0,0545.png
1,0546.png
0,0547.png
1,0548.png
0,0549.png
1,0550.png
0,0551.png
1,0552.png
0,0553.png
1,0554.png
0,0555.png
1,0556.png
0,0557.png
1,0558.png
0,0559.png
1,0560.png
0,0561.png
1,0562.png
0,0563.png
1,0564.png
0,0565.png
1,0566.png
0,0567.png
1,0568.png
0,0569.png
1,0570.png
0,0571.png
1,0572.png
0,0573.png
1,0574.png
0,0575.png
1,0576.png
0,0577.png
1,0578.png
0,0579.png
1,0580.png
0,0581.png
1,0582.png
0,0583.png
1,0584.png
0,0585.png
1,0586.png
0,0587.png
1,0588.png
0,0589.png
1,0590.png
0,0591.png
1,0592.png
0,0593.png
1,0594.png
0,0595.png
1,0596.png
0,0597.png
1,0598.png
0,0599.png
1,0600.png
0,0601.png
1,0602.png
0,0603.png
1,0604.png
0,0605.png
1,0606.png
0,0607.png
1,0608.png
0,0609.png
1,0610.png
0,0611.png
1,0612.png
0,0613.png
1,0614.png
0,0615.png
1,0616.png
0,0617.png
1,0618.png
0,0619.png
1,0620.png
0,0621.png
1,0622.png
0,0623.png
1,0624.png
0,0625.png
1,0626.png
0,0627.png
1,0628.png
0,0629.png
1,0630.png
0,0631.png
1,0632.png
0,0633.png
1,0634.png
0,0635.png
1,0636.png
0,0637.png
1,0638.png
0,0639.png
1,0640.png
0,0641.png
1,0642.png
0,0643.png
1,0644.png
0,0645.png
1,0646.png
0,0647.png
1,0648.png
0,0649.png
1,0650.png
0,0651.png
1,0652.png
0,0653.png
1,0654.png
0,0655.png
1,0656.png
0,0657.png
1,0658.png
0,0659.png
1,0660.png
0,0661.png
1,0662.png
0,0663.png
1,0664.png
0,0665.png
1,0666.png
0,0667.png
1,0668.png
0,0669.png
1,0670.png
0,0671.png
1,0672.png
0,0673.png
1,0674.png
0,0675.png
1,0676.png
0,0677.png
1,0678.png
0,0679.png
1,0680.png
0,0681.png
1,0682.png
0,0683.png
1,0684.png
0,0685.png
1,0686.png
0,0687.png
1,0688.png
0,0689.png
1,0690.png
0,0691.png
1,0692.png
0,0693.png
1,0694.png
0,0695.png
1,0696.png
0,0697.png
1,0698.png
0,0699.png
1,0700.png
0,0701.png
1,0702.png
0,0703.png
1,0704.png
0,0705.png
1,0706.png
0,0707.png
1,0708.png
0,0709.png
1,0710.png
0,0711.png
1,0712.png
0,0713.png
1,0714.png
0,0715.png
1,0716.png
0,0717.png
1,0718.png
0,0719.png
1,0720.png
0,0721.png
1,0722.png
0,0723.png
1,0724.png
0,0725.png
1,0726.png
0,0727.png
1,0728.png
0,0729.png
1,0730.png
0,0731.png
1,0732.png
0,0733.png
1,0734.png
0,0735.png
1,0736.png
0,0737.png
1,0738.png
0,0739.png
1,0740.png
0,0741.png
1,0742.png
0,0743.png
1,0744.png
0,0745.png
1,0746.png
0,0747.png
1,0748.png
0,0749.png
1,0750.png
0,0751.png
1,0752.png
0,0753.png
1,0754.png
0,0755.png
1,0756.png
0,0757.png
1,0758.png
0,0759.png
1,0760.png
0,0761.png
1,0762.png
0,0763.png
1,0764.png
0,0765.png
1,0766.png
0,0767.png
1,0768.png
0,0769.png
1,0770.png
0,0771.png
1,0772.png
0,0773.png
1,0774.png
0,0775.png
1,0776.png
0,0777.png
1,0778.png
0,0779.png
1,0780.png
0,0781.png
1,0782.png
0,0783.png
1,0784.png
0,0785.png
1,0786.png
0,0787.png
1,0788.png
0,0789.png
1,0790.png
0,0791.png
1,0792.png
0,0793.png
1,0794.png
0,0795.png
1,0796.png
0,0797.png
1,0798.png
0,0799.png
1,0800.png
0,0801.png
1,0802.png
0,0803.png
1,0804.png
0,0805.png
1,0806.png
0,0807.png
1,0808.png
0,0809.png
1,0810.png
0,0811.png
1,0812.png
0,0813.png
1,0814.png
0,0815.png
1,0816.png
0,0817.png
1,0818.png
0,0819.png
1,0820.png
0,0821.png
1,0822.png
0,0823.png
1,0824.png
0,0825.png
1,0826.png
0,0827.png
1,0828.png
0,0829.png
1,0830.png
0,0831.png
1,0832.png
0,0833.png
1,0834.png
0,0835.png
1,0836.png
0,0837.png
1,0838.png
0,0839.png
1,0840.png
0,0841.png
1,0842.png
0,0843.png
1,0844.png
0,0845.png
1,0846.png
0,0847.png
1,0848.png
0,0849.png
1,0850.png
0,0851.png
1,0852.png
0,0853.png
1,0854.png
0,0855.png
1,0856.png
0,0857.png
1,0858.png
0,0859.png
1,0860.png
0,0861.png
1,0862.png
0,0863.png
1,0864.png
0,0865.png
1,0866.png
0,0867.png
1,0868.png
0,0869.png
1,0870.png
0,0871.png
1,0872.png
0,0873.png
1,0874.png
0,0875.png
1,0876.png
0,0877.png
1,0878.png
0,0879.png
1,0880.png
0,0881.png
1,0882.png
0,0883.png
1,0884.png
0,0885.png
1,0886.png
0,0887.png
1,0888.png
0,0889.png
1,0890.png
0,0891.png
1,0892.png
0,0893.png
1,0894.png
0,0895.png
1,0896.png
0,0897.png
1,0898.png
0,0899.png
1,0900.png
0,0901.png
1,0902.png
0,0903.png
1,0904.png
0,0905.png
1,0906.png
0,0907.png
1,0908.png
0,0909.png
1,0910.png
0,0911.png
1,0912.png
0,0913.png
1,0914.png
0,0915.png
1,0916.png
0,0917.png
1,0918.png
0,0919.png
1,0920.png
0,0921.png
1,0922.png
0,0923.png
1,0924.png
0,0925.png
1,0926.png
0,0927.png
1,0928.png
0,0929.png
1,0930.png
0,0931.png
1,0932.png
0,0933.png
1,0934.png
0,0935.png
1,0936.png
0,0937.png
1,0938.png
0,0939.png
1,0940.png
0,0941.png
1,0942.png
0,0943.png
1,0944.png
0,0945.png
1,0946.png
0,0947.png
1,0948.png
0,0949.png
1,0950.png
0,0951.png
1,0952.png
0,0953.png
1,0954.png
0,0955.png
1,0956.png
0,0957.png
1,0958.png
0,0959.png
1,0960.png
0,0961.png
1,0962.png
0,0963.png
1,0964.png
0,0965.png
1,0966.png
0,0967.png
1,0968.png
0,0969.png
1,0970.png
0,0971.png
1,0972.png
0,0973.png
1,0974.png
0,0975.png
1,0976.png
0,0977.png
1,0978.png
0,0979.png
1,0980.png
0,0981.png
1,0982.png
0,0983.png
1,0984.png
0,0985.png
1,0986.png
0,0987.png
1,0988.png
0,0989.png
1,0990.png
0,0991.png
1,0992.png
0,0993.png
1,0994.png
0,0995.png
1,0996.png
0,0997.png
1,0998.png
0,0999.png
1,1000.png
0,1001.png
1,1002.png
0,1003.png
1,1004.png
0,1005.png
1,1006.png
0,1007.png
1,1008.png
0,1009.png
1,1010.png
0,1011.png
1,1012.png
0,1013.png
1,1014.png
0,1015.png
1,1016.png
0,1017.png
1,1018.png
0,1019.png
1,1020.png
0,1021.png
1,1022.png
0,1023.png
1,1024.png
0,1025.png
1,1026.png
0,1027.png
1,1028.png
0,1029.png
1,1030.png
0,1031.png
1,1032.png
0,1033.png
1,1034.png
0,1035.png
1,1036.png
0,1037.png
1,1038.png
0,1039.png
1,1040.png
0,1041.png
1,1042.png
0,1043.png
1,1044.png
0,1045.png
1,1046.png
0,1047.png
1,1048.png
0,1049.png
1,1050.png
0,1051.png
1,1052.png
0,1053.png
1,1054.png
0,1055.png
1,1056.png
0,1057.png
1,1058.png
0,1059.png
1,1060.png
0,1061.png
1,1062.png
0,1063.png
1,1064.png
0,1065.png
1,1066.png
0,1067.png
1,1068.png
0,1069.png
1,1070.png
0,1071.png
1,1072.png
0,1073.png
1,1074.png
0,1075.png
1,1076.png
0,1077.png
1,1078.png
0,1079.png
1,1080.png
